customer_id,customer_name,gender,age,city,signup_date
1,Jeffrey Daniels,Other,41,Huangfurt,2022-08-22
2,William Roman,Female,22,Stephanieberg,2022-05-08
3,Mary Spencer,Male,54,Bobbyland,2018-12-13
4,Ashley Humphrey,Other,25,Sandraview,2024-04-10
5,Steve Newton,Other,21,Lewisside,2020-09-21
6,Douglas Clark,Other,53,Sarahview,2024-05-31
7,Michael Farrell,Male,50,North Christina,2023-11-05
8,Danielle Odonnell,Male,30,East Brent,2019-11-26
9,Mark Calderon,Female,54,Lake Jesse,2022-04-09
10,Gavin Anderson,Other,52,South Markfort,2019-11-26
11,Candice Ramos,Male,27,Lake Kellitown,2019-07-23
12,Kristina Rodriguez,Male,28,South Denise,2021-01-06
13,Melissa Hernandez,Other,38,Woodsborough,2021-05-18
14,Jacob Tran,Male,51,Manuelton,2021-01-04
15,Andrew Diaz,Female,46,Lake Audreyside,2023-07-13
16,Valerie Williams,Male,25,East Robertburgh,2019-08-21
17,Michael Estrada,Male,61,Port Randyfort,2018-09-17
18,Justin Baxter,Female,31,Lake Suzanne,2019-11-16
19,Nicole Frost,Other,63,Nancytown,2022-11-16
20,Christopher Marsh,Male,55,Ashleyville,2021-02-04
21,Jason White,Female,49,Justinside,2022-09-21
22,Rachel Jenkins,Other,23,Smallberg,2021-05-12
23,Nancy Wright,Female,50,Nelsonville,2023-06-07
24,Michael Reyes,Male,46,Franciscomouth,2018-11-12
25,John Gonzalez,Female,21,Jennifertown,2022-01-19
26,Hannah Hoover,Male,47,Krystalshire,2020-10-27
27,Courtney Keller,Other,26,East Cheryl,2020-10-07
28,Donald Jones,Other,50,Wilcoxhaven,2023-07-24
29,Heather Hicks,Female,44,Christopherville,2024-08-29
30,Sarah Rivera,Male,47,East Thomas,2024-11-30
31,Shawn Green,Other,54,North Jose,2020-03-11
32,Victoria Johnson,Female,21,South Karen,2023-02-19
33,Haley Hartman,Other,53,Kevinshire,2019-03-15
34,William Wilson,Other,47,West Desireebury,2019-07-09
35,Cheryl Williams,Male,61,Lake Davidport,2021-06-01
36,Joseph Drake,Other,37,South Gina,2018-01-28
37,Teresa Mclaughlin,Other,64,Hannahport,2022-06-09
38,Jeffrey Rush,Male,19,Christinabury,2021-09-22
39,Lisa Alvarado,Other,43,South Eric,2024-12-15
40,Steven Hunter,Other,34,Robertside,2022-04-06
41,Erika Terry,Male,18,Toddborough,2021-09-11
42,Cheryl Ortega,Male,65,Lake Karen,2022-12-09
43,Paul Thompson,Other,31,New Seanstad,2021-10-03
44,Jennifer Bass,Other,55,New Danielside,2022-10-30
45,Daniel Floyd,Other,22,New Amanda,2024-08-31
46,Erica Ramos,Other,20,West Melissa,2019-07-12
47,Kayla Leon,Female,45,Wilsonborough,2021-05-15
48,Nancy Hopkins,Other,40,Davishaven,2021-08-06
49,Matthew Harvey,Male,62,Stokesmouth,2024-10-06
50,Trevor Young,Male,22,New Robert,2020-04-02
51,Robert Hernandez,Male,52,New Stevenport,2023-05-17
52,William Carr,Male,21,South Jonathantown,2021-07-10
53,Joy Mercado,Other,22,New Charles,2019-12-29
54,Michelle Cruz,Other,48,Cooperland,2022-06-20
55,Charles Watts,Female,20,North Valeriefort,2021-07-31
56,Shannon Mcclure,Other,36,West Robertberg,2021-04-08
57,Colleen Brock,Male,44,Brooksfurt,2023-07-05
58,Julie Grant,Other,29,Kanefurt,2024-06-16
59,Barbara Anderson,Female,26,Millerside,2020-09-19
60,Joseph Hansen,Other,59,Lake Michelle,2021-08-27
61,Pedro Ramos,Other,64,East Victoriafurt,2022-03-21
62,Stephanie Simmons,Male,59,Lake Tiffany,2021-02-22
63,Jill Moore,Female,44,Port Andrewport,2022-05-29
64,Joanna Walton,Other,41,Nunezside,2022-02-04
65,Destiny Strickland,Other,42,Patelbury,2019-04-12
66,Mr. Jeremiah Reeves,Female,46,South Michael,2024-04-28
67,George Orozco,Other,42,Jacobville,2020-03-29
68,Chris Reyes,Female,42,Port Donnatown,2024-08-22
69,Daniel Perry,Female,23,East Carlos,2024-02-13
70,John Brown,Male,61,South Carlaton,2020-01-07
71,Jean Carrillo,Other,60,Lake Bradley,2024-03-03
72,Alicia Gilmore,Female,52,Youngborough,2018-04-21
73,Karen Bender,Female,26,East Williamport,2023-03-06
74,James Snow,Female,59,Port Sabrina,2020-05-08
75,Kimberly Navarro,Male,40,Barbaramouth,2022-12-01
76,Stephanie Freeman,Other,25,West Nancy,2021-04-08
77,John Price,Male,29,South Kevin,2018-10-11
78,Rebecca Ramsey,Male,52,New Stacyburgh,2022-08-03
79,Tamara Hooper,Female,43,Peterston,2023-08-08
80,Susan Vargas,Female,51,Shellyfurt,2019-07-25
81,Angela Patterson,Female,26,Heatherchester,2021-05-25
82,Catherine Green,Female,64,West Nicholas,2020-09-18
83,Jesse Rogers,Male,32,Allenbury,2020-10-31
84,Diana Bean,Female,18,Meredithberg,2019-09-24
85,Ruben Ruiz,Other,19,Melendezside,2022-09-30
86,Amy Crane,Male,37,Faulknerside,2022-03-25
87,Barry Bernard,Female,47,South John,2018-10-30
88,Andre Wright,Other,61,West Deborah,2023-01-14
89,Lisa Allen,Female,64,Booneland,2024-09-15
90,Brian Gould,Other,52,North Joseph,2023-05-17
91,David Wood,Female,45,Port Charlesshire,2024-07-12
92,Tracey Higgins,Female,52,South Jason,2022-06-30
93,Carla Collins,Male,42,Kevintown,2023-12-29
94,Tanya Johnston,Female,32,East Suzanne,2023-09-07
95,Jaime David,Other,33,Lake Yvonnefort,2022-09-10
96,Kevin Rivas,Other,47,Lake Cassandra,2024-02-05
97,Michael Turner,Male,40,South Rose,2018-05-31
98,Renee Hogan,Female,27,Kimberlyfurt,2022-01-12
99,Amanda Patel,Male,35,Fergusonstad,2024-01-09
100,Andrea Holland,Female,30,Josehaven,2024-08-29
101,Jason Henry,Male,64,Owensfort,2018-12-15
102,Jack Snow,Female,25,Robinstad,2019-03-24
103,Christian Thompson,Female,20,Robertshire,2020-10-13
104,Marie Gilbert,Male,60,Lake Dustin,2021-12-25
105,Patricia Marshall,Male,44,Angelashire,2019-11-13
106,Leslie Morris,Male,57,Phillipsborough,2024-11-14
107,Timothy Ramirez,Male,19,Jerryshire,2018-07-01
108,Paul Hudson,Female,33,South Andrea,2024-04-25
109,Gabrielle Snyder,Female,31,Jonathanfort,2022-06-25
110,John Kelly,Other,22,Murraystad,2021-09-20
111,Douglas Carlson,Female,24,East Jennifer,2022-10-30
112,Kristi Black,Male,56,Whiteside,2019-03-10
113,David Russell,Male,20,New Arthurland,2018-02-13
114,Cynthia Alvarez,Female,46,Port Adamberg,2019-02-08
115,Joan Smith,Other,56,North Jasmine,2020-11-25
116,Jared Sanchez,Other,61,East Williamstad,2020-06-28
117,Jackie Tran,Female,63,New Danafort,2023-09-23
118,Zachary Pierce,Male,21,Smithside,2023-10-26
119,Jesse Parker,Male,33,Smithhaven,2024-04-04
120,Nathan Stewart,Female,65,Amandaport,2024-07-05
121,Tiffany Vaughn,Other,20,New Lisachester,2024-06-14
122,Parker Hill,Female,43,North Samantha,2020-06-24
123,Paige Carlson,Female,46,East James,2022-12-31
124,Dr. Elizabeth Ward,Female,32,Lisaview,2022-03-13
125,Michael Martinez,Female,52,Millerfurt,2022-05-22
126,Anthony Carter,Male,31,Cunninghambury,2023-03-12
127,Margaret Mullins,Male,21,Gabriellaland,2024-08-07
128,Adam Mitchell,Female,26,North Richardfurt,2023-08-12
129,Glen Sheppard,Other,50,Browntown,2019-09-10
130,Scott Wilson,Female,36,North Vincent,2021-11-13
131,John Ray,Male,32,Newmanmouth,2018-04-11
132,Brittany Shepherd,Male,64,New Samanthabury,2023-06-01
133,Angela Wright,Other,54,Port Heather,2019-03-05
134,Jennifer Carlson,Female,38,Nelsonland,2021-04-25
135,Patricia James,Male,54,Rachelshire,2022-08-31
136,Elizabeth Chapman,Male,56,East Sarahmouth,2018-12-18
137,Keith Brown,Female,61,East Brendafurt,2019-04-21
138,Annette Farmer,Female,38,West Franciscobury,2019-08-04
139,Deborah Miller,Other,33,Rhodesside,2021-11-27
140,Juan Moore,Other,37,Patrickberg,2021-07-01
141,Michael Harrison,Other,27,New Juliestad,2021-11-06
142,Dwayne Campbell,Female,60,North Samuelland,2023-02-09
143,Andrea Hall,Female,51,Cassiefurt,2020-04-27
144,Rick Lawrence,Other,32,Anthonyview,2023-11-05
145,Christina Wilson,Male,44,Henrystad,2023-06-02
146,Chase Baker,Male,37,Reynoldsshire,2021-11-27
147,Anthony Sparks,Female,35,Millerport,2023-05-05
148,Samantha Morse,Male,21,Lake Charles,2019-02-04
149,John Torres,Female,53,Ericberg,2022-11-30
150,Dillon Fernandez,Other,55,Stewartville,2023-01-28
151,Kyle Preston,Female,65,North Sherrymouth,2021-07-30
152,Lindsey Johnson,Female,29,Kathleenville,2018-10-03
153,Michael Valencia,Female,58,North Jacob,2021-05-14
154,Alicia Hubbard,Male,61,Hawkinshaven,2018-07-03
155,Laura Hines,Female,45,Garcialand,2019-04-17
156,Joseph Ramos,Male,53,Angelamouth,2018-04-03
157,Zachary Graham,Other,49,Smithchester,2021-11-06
158,Tracy Harrison,Other,21,Maxwellside,2019-03-24
159,Frank Garcia,Male,40,New Adriana,2019-11-05
160,Jason Simpson,Female,59,Jacksonview,2020-09-26
161,Jennifer Hodges,Other,60,Josephberg,2023-10-15
162,Brandon King,Female,42,East Ryanchester,2019-12-16
163,Raymond Hancock,Male,51,Toddland,2024-03-10
164,April Booth,Female,38,Johnathanbury,2019-10-18
165,Anthony Stone,Other,62,Wheelerborough,2021-09-17
166,Kathleen Ramos,Female,44,Rodriguezport,2024-04-12
167,Derek Anderson,Other,44,South Martinfurt,2022-10-13
168,Stanley Washington,Female,27,Scottchester,2023-03-08
169,Mark Lloyd,Other,37,West Malik,2020-08-07
170,Emily Smith,Other,42,South Leon,2022-07-18
171,Danny Skinner,Other,29,Novakport,2020-01-26
172,Travis Holland,Male,52,Faulknerbury,2020-02-03
173,Timothy Carter,Male,48,Nicholasfurt,2022-11-06
174,Jennifer Olson,Male,33,Danielshire,2022-06-09
175,Jesus Thomas,Female,32,New Wendy,2018-04-30
176,Kyle Francis,Female,37,Lake Katrina,2024-11-20
177,Benjamin Barton,Female,63,Lake Stevenborough,2020-03-19
178,Gina French,Other,27,Salinasland,2023-01-16
179,Aaron Barber,Female,47,Chambersberg,2024-08-22
180,Lauren Keller,Male,21,Johnberg,2022-10-26
181,Jill Washington,Male,53,Mccormickland,2022-05-12
182,Phillip Bennett,Other,44,Ewingfort,2018-01-19
183,Sheila Pollard,Other,44,Fergusonchester,2020-05-29
184,James Chase,Female,53,Port Tanyaside,2020-04-22
185,Evan Kennedy,Other,51,North Kaylastad,2021-02-14
186,Jane Mcneil,Male,26,Lake Cheyenne,2018-09-14
187,Marissa Hernandez,Male,42,Rasmussenmouth,2024-06-22
188,Beth Sanford,Male,33,Rodriguezville,2019-02-21
189,Brian Kirk,Male,34,Jeffreyhaven,2024-01-09
190,Thomas Smith,Other,31,South Neil,2020-02-05
191,Seth Booker,Female,39,Bartonshire,2022-02-07
192,Richard Baker,Female,59,West Whitney,2021-08-28
193,Jennifer Miller,Other,23,Garciachester,2020-03-18
194,Michael Ferguson,Female,46,North Marieberg,2023-02-18
195,Lori Clay,Male,41,Larrymouth,2019-04-12
196,Joshua Williamson II,Other,23,New Timothy,2020-12-10
197,Donna Perez,Other,52,Davismouth,2023-06-28
198,William Hodges,Male,64,Carloston,2023-12-02
199,Ashlee Jackson,Female,30,North Melindaville,2021-07-07
200,Allen Nguyen,Other,21,Lake John,2024-09-11
201,Ian Jordan,Female,35,New Ethan,2022-05-11
202,Jason Maldonado,Male,42,Mullenbury,2024-11-08
203,Christopher Lynch,Female,61,Sotoburgh,2022-05-27
204,Michael Jimenez,Other,56,Fosterborough,2024-08-01
205,Crystal Little,Other,56,Vargasfurt,2019-04-13
206,Michael Nolan,Female,20,Lake Jasonview,2021-11-26
207,Dwayne Payne,Other,22,New Cristianside,2021-12-12
208,Tony Huerta,Female,30,West Mark,2023-02-19
209,Victor Vaughn,Other,55,Wilsonfort,2024-12-03
210,Eric Kidd,Other,64,Candicefurt,2019-12-08
211,Ashley James,Other,60,West Michaelmouth,2021-05-03
212,Edward Lyons,Female,53,Port Emily,2024-11-21
213,Ronald Foster,Other,31,Samanthashire,2024-08-14
214,Sean Osborne,Other,48,Lake Dennisville,2018-12-14
215,Susan Mcgee,Female,31,West Daryl,2019-07-03
216,Stephanie Parsons,Female,39,Heatherhaven,2021-07-06
217,Robert Robinson,Male,37,Barnesberg,2019-04-28
218,David Campos,Female,18,Hendersonfort,2020-09-04
219,Melanie Taylor,Female,31,New Garrett,2021-06-04
220,Mark Williams,Other,30,Donaldmouth,2019-04-25
221,Amanda Diaz,Male,65,Harveystad,2020-01-20
222,Theodore Murphy,Female,25,South Derrickfurt,2022-03-10
223,Curtis Buchanan,Other,65,Ortizfort,2019-08-03
224,Holly Shaw,Female,48,Mckinneymouth,2023-09-24
225,Christopher Sloan,Other,33,Jacksonshire,2022-05-11
226,Tracy Phillips,Other,62,Port Kathleenport,2022-09-10
227,Regina Mcdonald,Other,56,West Jeffreyport,2024-09-08
228,Paul Perez,Male,63,Port Stephen,2019-07-19
229,Megan Sanders,Other,31,Dunnville,2024-06-12
230,Kristin Davis,Female,43,West Kimberlystad,2022-04-21
231,Dennis Martinez,Female,33,Port Jenniferside,2022-09-29
232,Paul Baker,Other,53,South Curtis,2020-01-31
233,Mark Watson,Other,38,West Nancy,2023-06-17
234,Kaitlyn Harvey,Other,36,South Joseland,2024-01-11
235,Erin Bishop,Male,42,Grimesville,2019-12-11
236,Madison Marshall,Other,47,East Lisa,2024-03-22
237,Marie Wilson,Male,52,Michellechester,2019-11-15
238,Andrew Ferrell,Other,59,New Donald,2023-06-29
239,David Medina,Female,40,Port Jamie,2021-03-29
240,Jacob Avery,Male,37,New Michaelview,2019-07-29
241,Kimberly Matthews,Other,34,West Tiffany,2020-02-06
242,Stacey Pena,Other,41,Keithview,2021-07-12
243,Lisa Crosby,Other,50,East Sydneychester,2023-01-22
244,Michael Robinson,Other,49,West Michelleberg,2024-12-12
245,David Cox,Female,47,East Dustin,2018-08-08
246,Mrs. Stephanie Newman,Male,24,Mariafurt,2022-01-10
247,Donald Donaldson,Other,64,Thomasview,2018-02-09
248,Samantha Davis,Male,48,Brooksland,2023-06-08
249,Mark Maddox,Male,38,South Zacharyview,2019-07-14
250,Gavin Zhang,Other,31,Shawnfort,2020-03-10
251,Christine Gallegos,Other,41,Brandiland,2022-04-22
252,Laurie Li,Male,38,Reidstad,2024-04-19
253,Raymond Kramer,Male,44,Port Amandaborough,2023-09-02
254,Destiny Riggs,Male,20,Summersfort,2023-07-21
255,Ms. Rebecca Rodriguez,Female,54,Marcusport,2022-08-03
256,Bonnie Howard,Female,32,Amyberg,2023-07-08
257,Leah Smith,Female,65,Kramerton,2022-08-30
258,Cameron Fisher,Male,27,North Conniemouth,2022-12-24
259,Arthur West,Female,19,North Sarahburgh,2023-06-25
260,Kevin Hayes,Other,34,Bryantchester,2019-11-17
261,Luis Acosta,Male,53,Lake Regina,2018-12-05
262,Mary Turner,Female,55,Erikview,2024-05-04
263,Amanda Lutz,Other,55,Lake Michaelland,2018-05-07
264,Jessica Rodriguez,Other,64,Elizabethburgh,2020-06-22
265,Jill Lam,Female,44,South Conniebury,2021-04-11
266,Charles Martinez,Other,36,Riosville,2018-05-14
267,Lauren Joseph,Other,27,East Thomasberg,2021-01-30
268,Kyle Phillips,Male,30,New Erin,2020-07-09
269,Jessica Mcguire,Other,39,North Heatherville,2024-01-12
270,Matthew Rich,Male,32,Bensonfort,2021-03-28
271,Sharon Jordan,Other,42,East Patrickville,2019-11-20
272,Jennifer Wilcox,Male,54,West Michaelport,2023-02-17
273,Nicholas Edwards,Other,33,South Kiara,2024-05-05
274,David Mckay,Female,49,Lake Victoria,2023-07-22
275,Kara Davis,Other,53,North Alyssa,2024-03-01
276,Jeffrey Garner,Female,59,New Debramouth,2023-09-24
277,Carlos Brown,Other,61,Jenniferberg,2019-04-09
278,Kristina Santiago,Female,39,Jensenmouth,2024-06-03
279,Shane Pugh,Female,34,North Peggy,2019-04-13
280,Thomas Williams,Male,49,Port David,2021-01-02
281,Erik Garcia,Female,64,Bellchester,2024-02-03
282,Brittney Olson,Other,59,Kyliebury,2022-02-11
283,Hayley Hawkins,Female,65,Deannabury,2024-01-30
284,Donald Perez,Other,49,Kimberlytown,2018-06-20
285,Justin Saunders,Female,47,Jamiehaven,2022-12-13
286,Megan Hawkins,Other,28,Lake Peter,2024-02-16
287,Mary Steele,Other,64,Port Rachaelbury,2020-06-14
288,Donald Farmer,Other,40,Cruzbury,2022-10-08
289,Heather White,Other,28,Littleland,2019-02-24
290,Matthew Jones,Other,26,West Sarahberg,2020-10-10
291,Valerie Davis,Female,64,Valenciashire,2021-05-04
292,Jamie Chavez,Other,52,Diazburgh,2018-05-13
293,Eric Nguyen,Female,49,Bestland,2023-01-17
294,Linda Ware,Male,29,New Carlosview,2020-12-12
295,Paul Williams,Male,52,North Sandra,2021-11-28
296,Jeremy Coleman,Female,59,Hunterhaven,2018-12-23
297,Jennifer Lewis,Other,21,Hendersonfurt,2022-12-04
298,Haley Rodriguez,Female,51,Lake Amandaberg,2019-04-26
299,Leslie Rose,Male,20,Christopherland,2020-08-28
300,Daniel Joyce,Female,22,Port Eric,2020-05-09
301,Dan Dougherty,Female,60,Peterland,2024-08-05
302,Pamela Roberts,Other,21,Hollybury,2021-12-07
303,Jonathan Jordan,Male,18,East Christopherchester,2024-11-04
304,Joseph Hall,Other,44,South Cherylton,2022-10-20
305,Mary Gomez,Other,26,Elizabethburgh,2019-11-11
306,Patrick Graham,Female,58,North Jeantown,2024-11-28
307,Blake Edwards,Female,32,South Stephanie,2019-07-25
308,Jared Bowman,Female,22,Garyberg,2020-04-26
309,Jared Burch,Female,63,Jessicaville,2020-04-27
310,Travis Stevens,Other,27,West Lindsayview,2018-09-01
311,Heidi Kim,Other,18,West Jennifershire,2024-05-24
312,Jeffrey Morales,Female,31,South Spencerstad,2021-12-07
313,Seth Reese,Female,50,South Micheleburgh,2023-12-21
314,Richard Jones,Male,47,Ericville,2021-02-25
315,Kerry Lee,Other,41,East Joycetown,2024-09-10
316,Heather Mullen,Other,21,Port Michellebury,2024-01-16
317,Brittany Garcia,Other,57,South Michaelberg,2019-11-21
318,Christopher Hernandez,Female,58,Port Austin,2021-08-18
319,Angela Bean,Female,60,Walkerbury,2021-04-13
320,Julie Elliott,Female,57,Moonmouth,2021-03-31
321,Melanie Macias,Male,48,Margaretshire,2024-06-03
322,Victoria Morris,Female,60,Davidton,2020-12-31
323,Emily Gonzales,Male,49,East Linda,2023-10-09
324,Mark Hogan,Female,19,South Caseymouth,2019-01-26
325,Heather Jones,Other,18,Kiaraport,2019-07-10
326,Andrew Wood,Male,52,Christophermouth,2022-08-13
327,Matthew Madden,Female,53,West Jamesshire,2018-08-31
328,Kirk Cruz,Female,44,Jodibury,2021-02-09
329,Tiffany Stevenson,Other,18,Richardsonfort,2019-06-04
330,Terry Armstrong,Female,19,Lake Rachel,2019-06-28
331,Larry Mason,Other,51,East Adam,2020-10-19
332,Joanna Shepherd,Female,64,Johnsonside,2019-08-23
333,Vickie Miller,Male,35,Cynthiatown,2021-08-12
334,Amanda Zimmerman,Male,52,Aaronfurt,2020-10-10
335,Kelly Bishop MD,Other,36,Daltonhaven,2022-05-28
336,Jasmine Schroeder,Female,19,South Travis,2023-06-28
337,Amy Mccoy,Other,50,East Jenniferland,2019-08-06
338,Gary Grant,Other,62,East Phyllishaven,2024-06-23
339,David York,Female,61,Haynesstad,2021-01-05
340,Lindsey Hernandez,Male,45,Villegasland,2022-08-24
341,Matthew Rangel,Male,29,New Dennisfurt,2022-03-17
342,Matthew Bates,Other,24,New Ashleychester,2023-01-26
343,Michael Miller,Other,24,East Kelly,2018-11-06
344,Maria Murphy,Other,51,Sarafurt,2019-01-17
345,Michael Valentine,Male,27,Louisview,2022-07-09
346,Susan Davis DDS,Male,33,North Sherry,2023-10-13
347,Alicia Parker,Male,30,Port Kayla,2021-02-13
348,Gloria Miranda,Other,57,East Danielmouth,2022-02-20
349,Zachary Moore,Other,51,Edwardsville,2023-02-06
350,Richard Romero,Male,34,Tamiborough,2023-06-23
351,Nancy Rose,Other,40,Parkerview,2021-09-02
352,Sherri Williamson,Male,35,North Ericport,2024-07-11
353,Brittany White,Male,43,East Marymouth,2018-01-11
354,Lori Orr,Male,23,North Jennifer,2019-01-17
355,Amanda Diaz,Female,41,Randyton,2023-02-21
356,Tracy Bishop,Female,43,Jorgeburgh,2022-01-07
357,Rachel Young,Other,47,South Melissaside,2018-09-17
358,Vincent Mueller,Female,54,North Steven,2023-12-30
359,Cheyenne Gregory,Male,33,North Alexander,2022-06-18
360,Jessica Hammond,Other,62,East James,2020-06-11
361,Kathryn Barnes,Male,32,Watsonland,2022-10-26
362,Curtis Jacobs,Male,37,Samanthaland,2020-05-17
363,Amy Castillo,Other,61,North Jamesmouth,2023-07-20
364,Timothy Dawson,Male,23,North Rebecca,2021-01-04
365,Belinda Miller,Female,59,Davidmouth,2021-08-15
366,Jerry Palmer,Other,59,East Sandrachester,2021-03-07
367,Anna Lozano,Female,20,Crawfordfurt,2021-10-15
368,Stacey Arias,Female,23,Thompsonborough,2024-02-20
369,James Brooks,Other,43,West Joshua,2024-06-25
370,Brad Walker,Male,42,North Christina,2019-06-19
371,Brett Espinoza,Female,42,Lake Kenneth,2024-05-07
372,Charles Johnson,Female,53,Andradefort,2023-06-11
373,Kaitlyn Guerra,Female,48,North Joshuaberg,2021-11-08
374,Julie Gilbert,Other,21,Gonzalezhaven,2018-07-18
375,Alicia Lewis,Male,58,Lake Virginia,2018-07-08
376,Todd Lynch,Male,18,South Kimberlystad,2019-02-12
377,Ricardo Young,Other,62,Stephensfort,2023-02-26
378,David Fowler,Other,28,Robertahaven,2018-03-08
379,Amy Copeland,Male,23,Paulburgh,2019-05-24
380,Mr. Mark Andrews DDS,Other,49,West Carlatown,2019-10-10
381,Aaron Gomez,Other,45,Brianfort,2022-12-13
382,Chelsea Barnett,Other,59,Katiebury,2023-02-13
383,Heather Ashley,Male,39,North John,2018-01-03
384,Rachel Romero,Male,54,West Amanda,2022-10-19
385,Shane Williams,Female,24,Port Wendybury,2020-04-08
386,James Burgess,Male,51,Kellyburgh,2019-06-25
387,Austin Allen,Male,20,East Brittany,2021-05-21
388,Ashley Perkins,Female,32,Robintown,2019-10-14
389,Brandi Bell,Female,31,Staceyshire,2021-01-27
390,Marvin Greer,Male,62,New Stacy,2019-01-18
391,Veronica Mendoza,Other,54,Weaverburgh,2022-01-16
392,Chad Baldwin,Female,48,Johnsonton,2020-10-22
393,Amanda Harris,Male,35,New Jeffery,2018-12-04
394,Stacey Stewart,Male,20,Smithborough,2022-03-04
395,James Ochoa,Female,22,West Jennifer,2019-11-09
396,Andrew Lucas,Other,61,Brianberg,2018-08-01
397,Scott Williams,Other,35,Port Daniel,2022-06-12
398,Denise Lloyd,Male,52,Susanstad,2021-06-05
399,James Gonzales,Female,54,Willismouth,2020-08-17
400,Gina Lopez,Female,60,Marcusburgh,2022-10-25
401,Holly Salinas,Female,20,Connerfort,2019-01-09
402,Bradley Coleman,Other,29,Grantside,2019-01-25
403,Zachary White,Other,38,Jeffreyshire,2018-01-05
404,Brian Murphy,Other,19,South Kurt,2020-05-24
405,Jeremy Robbins,Female,31,Davidtown,2023-05-08
406,Jeremy West,Male,55,Rosalesshire,2018-11-16
407,Susan Mendez,Other,27,East Carriebury,2019-06-28
408,Mark Moody,Female,63,South Donaldland,2024-08-28
409,Michael Sullivan,Female,43,West Toni,2020-07-15
410,Nicole Moore,Male,22,Lake Nicole,2023-10-29
411,Samuel Gregory,Male,37,Port Jennamouth,2022-12-28
412,Cameron Young,Female,28,Smithborough,2018-02-08
413,Heidi Herring,Male,54,Lake Carlos,2018-02-03
414,Christian Cole,Other,33,Kristintown,2021-11-08
415,Jeremy Jones,Female,54,South Samuelchester,2019-05-09
416,Jacob Edwards,Other,42,South Trevor,2022-09-26
417,Tyler Johnson,Female,61,Bellfurt,2019-06-26
418,Joseph Mcintyre,Other,52,Port Timothyshire,2023-05-11
419,Reginald Padilla,Male,39,East Shannon,2018-10-18
420,Logan Benson,Male,42,West Andrewview,2020-07-26
421,Mrs. Brandy Jones MD,Other,65,North Matthewfurt,2022-04-19
422,Yolanda Cochran,Female,26,Lake Charles,2019-01-01
423,Victoria Contreras,Female,62,West Brookefort,2019-02-24
424,Krista Roberts,Other,64,South Sherriburgh,2019-02-27
425,Christopher Mckinney,Other,23,Mooreville,2021-07-07
426,Carrie Ward,Male,50,Jamieborough,2022-02-14
427,William Conner,Male,65,Terryside,2021-05-10
428,Johnny Ward,Other,40,Donnaport,2019-07-16
429,Julie Bird,Other,21,North Brandon,2022-04-17
430,Stephen Jones,Female,24,Hernandezstad,2019-06-30
431,Mitchell Mendoza,Female,45,South Christopherfort,2019-08-09
432,Jason Andrews,Other,32,North Anthony,2018-10-08
433,Evan Jones,Female,22,Lake Kelly,2023-12-13
434,Joseph Anderson,Male,39,South Meganport,2024-04-26
435,Kristen Matthews,Female,56,Ruizview,2018-02-04
436,Betty Shaw,Other,57,Lake Amyburgh,2024-11-04
437,Sandra Holmes,Male,56,Nicolestad,2019-11-04
438,Christopher Donovan,Male,43,South Bradley,2022-12-08
439,Travis Stone,Male,38,Marshallbury,2021-12-09
440,Blake Gonzalez,Female,19,Anneberg,2020-05-22
441,Denise Weber,Female,58,North Elizabethside,2019-09-13
442,Anna Davidson,Male,35,Arellanoshire,2022-08-14
443,Lauren Jackson,Male,46,New Bruce,2024-11-28
444,Stephanie Morgan,Female,49,Cardenaschester,2022-12-18
445,Amanda Shields,Female,32,Armstrongbury,2020-06-08
446,Travis Wise,Male,40,Evansfurt,2018-12-22
447,Daniel Armstrong,Female,53,New Ashleyhaven,2019-02-16
448,Amanda Small,Female,42,North Stacy,2019-07-28
449,Maria Turner,Female,45,Thompsonburgh,2019-05-20
450,Robert Sullivan,Female,29,Port James,2024-08-11
451,Michael Moore,Other,61,South Christianchester,2022-04-22
452,John Peterson,Other,55,Port Courtney,2021-12-10
453,Scott Flores,Other,60,Luisland,2022-10-25
454,Haley Ross PhD,Male,42,South Angelaside,2021-07-12
455,Ashley Allen,Female,23,Melissahaven,2019-07-27
456,Jerry Thomas,Other,57,Starktown,2020-10-11
457,Tony Lin,Female,36,Rodriguezberg,2021-02-08
458,Victor Barrera,Other,33,New Brianna,2018-12-12
459,Taylor Griffith,Male,63,North Annaville,2020-10-13
460,Christopher Ferrell,Male,22,Mikaylastad,2024-03-16
461,Shawn Jimenez,Other,23,Bakerfort,2024-09-27
462,James Bryant,Male,35,Johnsonview,2024-09-23
463,Kevin Williams,Female,27,Thomasfurt,2024-10-24
464,Kyle Cameron,Female,42,South Pamelamouth,2021-03-13
465,Donna Smith,Male,63,North Julie,2018-04-20
466,Cesar Baker,Female,58,Pennytown,2021-05-20
467,Jamie Williams,Other,27,Lisaport,2020-04-21
468,Justin Cox,Other,65,Juanfort,2023-10-22
469,James Cole,Other,42,Port Jeremyport,2024-10-21
470,Samantha Hanson,Female,38,Schroedermouth,2023-09-19
471,Betty Davis,Other,41,Jessicaland,2020-02-12
472,William Grant,Male,24,South Jason,2022-05-24
473,Charles Morrison,Other,23,Figueroahaven,2021-04-25
474,Andrew Williams,Female,18,Lorihaven,2018-08-12
475,Regina Stone,Female,37,North Larry,2020-09-07
476,Steven Taylor,Other,46,Taylorhaven,2023-07-21
477,Emily Long,Male,41,East Jamesborough,2022-04-30
478,Sarah Wheeler,Male,35,East Antonioton,2019-04-07
479,Katrina Burns,Male,24,Janetview,2020-09-14
480,Karen Smith,Female,26,Madisonhaven,2023-08-09
481,Brian Butler,Male,23,Reidville,2024-08-29
482,Steven Wiggins,Female,29,East Nathanmouth,2018-10-18
483,Linda Baker,Other,45,Port Thomas,2023-12-04
484,Valerie Lane,Other,46,Maxview,2018-02-19
485,Anthony Castillo,Female,53,West Anthonyton,2022-01-19
486,Michelle Hampton,Female,53,Port Ashley,2021-07-20
487,Roberto Allen,Other,50,Port Jeffrey,2019-06-25
488,Melody Lee,Other,44,Lake Jamie,2022-05-04
489,Jason Gutierrez,Female,24,Palmertown,2024-05-17
490,Jonathan Carr,Other,19,Buckburgh,2022-09-20
491,Ryan Luna,Other,23,East Johnnyport,2022-02-05
492,Kelly Hoffman,Male,40,Rodneyfurt,2024-02-16
493,Mrs. Jamie Frye DDS,Male,53,Stephenborough,2019-12-09
494,Kimberly Lowe,Other,23,Turnerhaven,2023-04-14
495,Melanie Lara,Other,56,Silvatown,2018-10-26
496,John Bernard,Male,56,Annaport,2018-03-10
497,Edwin David,Other,38,Gabriellefort,2024-08-02
498,Dr. Michele Vaughn,Female,42,West Vanessamouth,2018-10-04
499,John Castro DVM,Other,18,Joseport,2018-02-26
500,Donna Berry,Other,36,East Zachary,2020-12-09
